{"cameraMode":{"drawMode":0,"name":"Shaded","section":"Shading Mode"},"sceneLighting":true,"audioPlay":false,"sceneViewState":{"showFog":true,"showMaterialUpdate":false,"showSkybox":true,"showFlares":true,"showImageEffects":true,"showParticleSystems":true,"showVisualEffectGraphs":true,"m_FxEnabled":true},"in2DMode":false,"pivot":{"x":16.47156524658203,"y":4.641322135925293,"z":239.89796447753907},"rotation":{"x":0.05484951287508011,"y":0.028455469757318498,"z":-0.0015519774751737714,"w":0.9981017112731934},"size":72.03073120117188,"orthographic":true}