{"cameraMode":{"drawMode":0,"name":"Shaded","section":"Shading Mode"},"sceneLighting":true,"audioPlay":false,"sceneViewState":{"showFog":true,"showMaterialUpdate":false,"showSkybox":true,"showFlares":true,"showImageEffects":true,"showParticleSystems":true,"showVisualEffectGraphs":true,"m_FxEnabled":true},"in2DMode":false,"pivot":{"x":12.536293029785157,"y":16.733047485351564,"z":444.33209228515627},"rotation":{"x":0.23570270836353303,"y":0.10617011040449143,"z":-0.02590200863778591,"w":0.9656776189804077},"size":326.77923583984377,"orthographic":true}