{"cameraMode":{"drawMode":0,"name":"Shaded","section":"Shading Mode"},"sceneLighting":false,"audioPlay":false,"sceneViewState":{"showFog":true,"showMaterialUpdate":false,"showSkybox":false,"showFlares":true,"showImageEffects":true,"showParticleSystems":true,"showVisualEffectGraphs":true,"m_FxEnabled":true},"in2DMode":false,"pivot":{"x":0.0012333393096923829,"y":0.8666666746139526,"z":-0.025028645992279054},"rotation":{"x":0.04878144711256027,"y":-0.06288234889507294,"z":0.003092014929279685,"w":0.9968357682228088},"size":1.5707392692565919,"orthographic":true}