{"cameraMode":{"drawMode":0,"name":"Shaded","section":"Shading Mode"},"sceneLighting":false,"audioPlay":false,"sceneViewState":{"showFog":true,"showMaterialUpdate":false,"showSkybox":false,"showFlares":true,"showImageEffects":true,"showParticleSystems":true,"showVisualEffectGraphs":true,"m_FxEnabled":true},"in2DMode":false,"pivot":{"x":-0.16347235441207887,"y":-0.35358643531799319,"z":0.2845250368118286},"rotation":{"x":0.255093514919281,"y":0.1771734207868576,"z":-0.04760653153061867,"w":0.9493604898452759},"size":1.4660253524780274,"orthographic":false}