{"cameraMode":{"drawMode":0,"name":"Shaded","section":"Shading Mode"},"sceneLighting":false,"audioPlay":false,"sceneViewState":{"showFog":true,"showMaterialUpdate":false,"showSkybox":false,"showFlares":true,"showImageEffects":true,"showParticleSystems":true,"showVisualEffectGraphs":true,"m_FxEnabled":true},"in2DMode":false,"pivot":{"x":-0.0037567615509033205,"y":1.024218201637268,"z":-0.08040690422058106},"rotation":{"x":0.04878144711256027,"y":-0.06288234889507294,"z":0.003092014929279685,"w":0.9968357682228088},"size":2.1855270862579347,"orthographic":true}