{"cameraMode":{"drawMode":0,"name":"Shaded","section":"Shading Mode"},"sceneLighting":false,"audioPlay":false,"sceneViewState":{"showFog":true,"showMaterialUpdate":false,"showSkybox":false,"showFlares":true,"showImageEffects":true,"showParticleSystems":true,"showVisualEffectGraphs":true,"m_FxEnabled":true},"in2DMode":false,"pivot":{"x":0.01352432370185852,"y":1.0830650329589844,"z":-0.09472227096557617},"rotation":{"x":0.027811827138066293,"y":0.07789298892021179,"z":-0.0021549880038946869,"w":0.9965850710868836},"size":1.982617974281311,"orthographic":true}